City_ID,City,Country,Date,Lat,Lng,Max Temp,Humidity,Cloudiness,Wind Speed
0,Lebowakgomo,ZA,2022-05-05 00:53:53,-24.2,29.5,54.5,68,0,3.44
1,Manta,EC,2022-05-05 00:53:53,-0.95,-80.7333,78.58,78,75,9.22
2,Manono,CD,2022-05-05 00:53:54,-7.3,27.4167,67.41,83,46,4.21
3,East London,ZA,2022-05-05 00:53:54,-33.0153,27.9116,64.44,81,27,4.54
4,Talaya,RU,2022-05-05 00:53:55,61.3833,152.75,30.94,81,28,1.68
5,Rikitea,PF,2022-05-05 00:53:55,-23.1203,-134.9692,77.63,84,92,20.47
6,Sao Joao Da Barra,BR,2022-05-05 00:53:56,-21.6403,-41.0511,77.5,87,93,16.08
7,Codrington,AU,2022-05-05 00:53:56,-38.2667,141.9667,53.46,63,84,6.6
8,Sisophon,KH,2022-05-05 00:53:57,13.5859,102.9737,79.23,64,99,4.76
9,Port Elizabeth,ZA,2022-05-05 00:52:13,-33.918,25.5701,60.1,94,20,3.44
10,Avarua,CK,2022-05-05 00:53:57,-21.2078,-159.775,82.45,69,40,10.36
11,Mataura,NZ,2022-05-05 00:53:58,-46.1927,168.8643,58.48,53,40,2.33
12,Pedro Ii,BR,2022-05-05 00:53:58,-4.4247,-41.4586,69.6,80,37,2.51
13,Kaeo,NZ,2022-05-05 00:53:59,-35.1,173.7833,67.32,85,22,10.92
14,Nikolskoye,RU,2022-05-05 00:52:39,59.7035,30.7861,37.8,70,87,6.29
15,Puerto Ayora,EC,2022-05-05 00:54:00,-0.7393,-90.3518,73.26,91,41,4.9
16,Ust-Omchug,RU,2022-05-05 00:54:00,61.15,149.6333,31.53,93,71,4.88
17,Atuona,PF,2022-05-05 00:54:00,-9.8,-139.0333,79.27,74,11,15.99
18,Albany,US,2022-05-05 00:54:01,42.6001,-73.9662,55.38,87,100,4.54
19,Margate,GB,2022-05-05 00:54:01,51.3813,1.3862,52.7,90,11,4.0
20,Ha Tinh,VN,2022-05-05 00:54:02,18.3333,105.9,73.65,61,10,2.06
21,Shingu,JP,2022-05-05 00:54:02,33.7333,135.9833,68.2,48,100,3.24
22,Busselton,AU,2022-05-05 00:54:03,-33.65,115.3333,56.48,53,0,16.26
23,Chokurdakh,RU,2022-05-05 00:54:03,70.6333,147.9167,21.52,83,100,4.27
24,Hermanus,ZA,2022-05-05 00:54:04,-34.4187,19.2345,58.8,81,14,7.78
25,Kapaa,US,2022-05-05 00:54:04,22.0752,-159.319,82.38,84,16,5.01
26,Ribeira Grande,PT,2022-05-05 00:54:05,38.5167,-28.7,62.8,86,100,17.05
27,Tuktoyaktuk,CA,2022-05-05 00:54:05,69.4541,-133.0374,26.6,93,100,13.8
28,Hobart,AU,2022-05-05 00:54:06,-42.8794,147.3294,55.26,80,20,8.05
29,Husavik,IS,2022-05-05 00:54:06,66.0449,-17.3389,31.55,91,100,2.8
30,Kajaani,FI,2022-05-05 00:54:07,64.2273,27.7285,21.25,86,0,3.44
31,Luderitz,NA,2022-05-05 00:54:07,-26.6481,15.1594,68.72,47,0,3.15
32,Sulangan,PH,2022-05-05 00:54:08,11.1373,123.7228,82.85,74,100,11.39
33,Matara,LK,2022-05-05 00:54:08,5.9485,80.5353,78.8,88,100,9.42
34,Bluff,NZ,2022-05-05 00:54:09,-46.6,168.3333,58.8,70,66,5.19
35,Yellowknife,CA,2022-05-05 00:54:09,62.456,-114.3525,39.72,81,100,11.5
36,Jamestown,US,2022-05-05 00:53:04,42.097,-79.2353,53.19,93,100,3.44
37,Jaque,PA,2022-05-05 00:54:10,7.5175,-78.1703,80.08,86,100,4.9
38,Sydney,AU,2022-05-05 00:53:12,-33.8679,151.2073,71.71,72,75,8.05
39,Goderich,CA,2022-05-05 00:54:11,43.7501,-81.7165,43.12,81,10,9.22
40,New Norfolk,AU,2022-05-05 00:54:11,-42.7826,147.0587,54.91,65,47,2.57
41,Adrar,MR,2022-05-05 00:54:12,20.5022,-10.0711,77.95,19,10,11.48
42,Enumclaw,US,2022-05-05 00:54:12,47.2043,-121.9915,67.15,57,100,5.01
43,Biak,ID,2022-05-05 00:55:13,-0.9131,122.8766,82.81,70,97,3.65
44,Wuzhou,CN,2022-05-05 00:55:14,23.4833,111.3167,75.22,62,95,1.05
45,Pevek,RU,2022-05-05 00:55:14,69.7008,170.3133,21.79,83,100,7.67
46,Palauig,PH,2022-05-05 00:55:14,15.435,119.9045,85.32,66,15,2.19
47,Ilulissat,GL,2022-05-05 00:55:15,69.2167,-51.1,6.39,96,67,4.07
48,Barrow,US,2022-05-05 00:55:15,71.2906,-156.7887,17.91,87,55,12.66
49,Cairns,AU,2022-05-05 00:55:16,-16.9167,145.7667,87.12,73,40,9.22
50,Quimperle,FR,2022-05-05 00:55:16,47.8667,-3.55,50.72,83,0,2.3
51,Punta Arenas,CL,2022-05-05 00:55:17,-53.15,-70.9167,42.91,81,75,17.27
52,Ornskoldsvik,SE,2022-05-05 00:55:17,63.2909,18.7153,34.75,93,100,4.61
53,Mar Del Plata,AR,2022-05-05 00:55:18,-38.0023,-57.5575,57.87,71,0,13.0
54,Santa Fe,AR,2022-05-05 00:55:18,-31.6333,-60.7,60.98,79,48,1.99
55,Xiaoshi,CN,2022-05-05 00:55:19,41.2971,124.1209,64.74,52,100,11.34
56,Sierra Vista,US,2022-05-05 00:55:20,31.5545,-110.3037,79.75,9,0,16.11
57,Butaritari,KI,2022-05-05 00:55:20,3.0707,172.7902,81.43,76,18,13.13
58,Tiksi,RU,2022-05-05 00:55:21,71.6872,128.8694,15.89,94,100,3.87
59,Umm Kaddadah,SD,2022-05-05 00:55:21,13.6017,26.6876,80.33,42,7,4.88
60,Anadyr,RU,2022-05-05 00:55:22,64.75,177.4833,30.7,69,0,6.71
61,Grand Gaube,MU,2022-05-05 00:55:09,-20.0064,57.6608,77.4,77,28,5.99
62,Rafraf,TN,2022-05-05 00:55:22,37.1904,10.1837,64.72,79,66,18.54
63,Port Blair,IN,2022-05-05 00:55:23,11.6667,92.75,80.64,83,75,2.3
64,Hilo,US,2022-05-05 00:55:23,19.7297,-155.09,79.29,95,99,4.0
65,Saskylakh,RU,2022-05-05 00:55:24,71.9167,114.0833,26.65,92,100,5.82
66,Clyde River,CA,2022-05-05 00:55:24,70.4692,-68.5914,17.83,73,40,11.5
67,Malinyi,TZ,2022-05-05 00:55:25,-8.9333,36.1333,65.68,89,3,2.28
68,Souillac,MU,2022-05-05 00:55:25,-20.5167,57.5167,77.38,88,40,14.97
69,Hamilton,US,2022-05-05 00:51:47,39.1834,-84.5333,58.87,81,100,6.91
70,Ushuaia,AR,2022-05-05 00:55:26,-54.8,-68.3,38.86,75,0,5.75
71,Dwarka,IN,2022-05-05 00:55:26,22.2394,68.9678,81.54,82,13,10.07
72,Yinchuan,CN,2022-05-05 00:52:50,38.4681,106.2731,75.85,20,20,10.02
73,Laguna,US,2022-05-05 00:55:27,38.421,-121.4238,90.75,24,0,4.0
74,Komsomolskiy,UZ,2022-05-05 00:55:27,40.4272,71.7189,65.12,77,20,4.61
75,Ibra,OM,2022-05-05 00:55:28,22.6906,58.5334,78.24,31,0,3.8
76,Lompoc,US,2022-05-05 00:55:28,34.6391,-120.4579,82.54,77,0,14.97
77,Boralday,KZ,2022-05-05 00:55:29,43.3578,76.8594,62.46,82,100,4.47
78,Hasaki,JP,2022-05-05 00:55:29,35.7333,140.8333,72.28,72,100,14.03
79,Andenes,NO,2022-05-05 00:55:30,69.3143,16.1194,33.78,69,0,16.11
80,Vaini,TO,2022-05-05 00:55:30,-21.2,-175.2,76.82,75,27,10.33
81,Necochea,AR,2022-05-05 00:55:31,-38.5473,-58.7368,55.6,68,65,11.88
82,Victoria,HK,2022-05-05 00:51:40,22.2855,114.1577,78.96,75,100,11.01
83,Kalmar,SE,2022-05-05 00:55:31,56.6616,16.3616,36.97,100,100,3.44
84,Guararapes,BR,2022-05-05 00:55:32,-21.2608,-50.6428,55.99,81,0,7.18
85,Port Alfred,ZA,2022-05-05 00:55:32,-33.5906,26.891,64.51,84,100,4.05
86,Jinxi,CN,2022-05-05 00:55:33,30.4323,116.2922,74.55,51,0,3.36
87,Hithadhoo,MV,2022-05-05 00:55:33,-0.6,73.0833,83.26,75,100,22.7
88,Vryheid,ZA,2022-05-05 00:55:34,-27.7695,30.7917,50.02,94,0,3.04
89,Alofi,NU,2022-05-05 00:56:34,-19.0595,-169.9187,84.09,65,75,5.75
90,Chandler,US,2022-05-05 00:56:35,33.3062,-111.8412,91.92,8,0,11.5
91,Gobabis,NA,2022-05-05 00:56:35,-22.45,18.9667,54.43,44,0,9.44
92,Mahebourg,MU,2022-05-05 00:56:36,-20.4081,57.7,77.29,88,40,14.97
93,Lebu,CL,2022-05-05 00:56:36,-37.6167,-73.65,54.1,96,41,10.2
94,Fukue,JP,2022-05-05 00:56:37,32.6881,128.8419,70.16,73,20,5.75
95,Tessalit,ML,2022-05-05 00:56:37,20.1986,1.0114,83.35,19,92,7.11
96,Ronne,DK,2022-05-05 00:56:38,55.1009,14.7066,40.91,81,75,1.14
97,Flin Flon,CA,2022-05-05 00:54:45,54.7682,-101.865,33.55,98,100,6.6
98,Cape Town,ZA,2022-05-05 00:55:57,-33.9258,18.4232,59.11,90,75,1.14
99,Praia,CV,2022-05-05 00:56:38,14.9215,-23.5087,70.34,83,0,14.97
100,Saint Anthony,US,2022-05-05 00:56:39,45.0205,-93.218,61.75,44,100,1.99
101,Iqaluit,CA,2022-05-05 00:56:39,63.7506,-68.5145,10.13,79,20,23.02
102,Hot Springs,US,2022-05-05 00:56:40,34.5037,-93.0552,74.71,74,100,11.01
103,Atambua,ID,2022-05-05 00:56:40,-9.1061,124.8925,82.31,64,100,2.71
104,Constitucion,CL,2022-05-05 00:56:41,-35.3333,-72.4167,56.16,78,95,2.66
105,Hofn,IS,2022-05-05 00:56:41,64.2539,-15.2082,40.75,73,100,4.07
106,Bengkulu,ID,2022-05-05 00:56:42,-3.8004,102.2655,77.61,84,82,3.76
107,Riyadh,SA,2022-05-05 00:54:56,24.6877,46.7219,82.54,15,0,5.1
108,Sao Sebastiao,BR,2022-05-05 00:56:43,-23.76,-45.4097,69.26,73,44,8.86
109,Cabo San Lucas,MX,2022-05-05 00:56:44,22.8909,-109.9124,80.62,59,7,5.99
110,Bredasdorp,ZA,2022-05-05 00:56:46,-34.5322,20.0403,58.44,92,100,3.69
111,Cidreira,BR,2022-05-05 00:56:46,-30.1811,-50.2056,65.64,79,100,13.44
112,Beni,CD,2022-05-05 00:56:47,0.5,29.4667,61.09,100,100,1.14
113,Labuhan,ID,2022-05-05 00:56:47,-6.8844,112.2051,81.12,79,100,7.11
114,Sistranda,NO,2022-05-05 00:52:26,63.7256,8.834,44.56,80,100,8.7
115,Lucea,JM,2022-05-05 00:56:48,18.451,-78.1736,82.26,82,1,10.36
116,Ponta Delgada,PT,2022-05-05 00:53:55,37.7333,-25.6667,63.32,77,75,10.36
117,Ponta Do Sol,PT,2022-05-05 00:56:49,32.6667,-17.1,64.0,66,30,5.93
118,Isangel,VU,2022-05-05 00:56:49,-19.55,169.2667,82.51,78,20,6.91
119,Bambous Virieux,MU,2022-05-05 00:55:09,-20.3428,57.7575,77.25,88,40,14.97
120,Praia Da Vitoria,PT,2022-05-05 00:56:50,38.7333,-27.0667,62.76,94,20,11.14
121,Arman,RU,2022-05-05 00:56:50,59.7,150.1667,37.85,75,7,6.17
122,Kavieng,PG,2022-05-05 00:55:30,-2.5744,150.7967,84.9,73,98,13.31
123,Liwale,TZ,2022-05-05 00:56:51,-9.7667,37.9333,65.05,88,100,4.74
124,Kruisfontein,ZA,2022-05-05 00:54:12,-34.0033,24.7314,57.88,90,79,5.28
125,Tilichiki,RU,2022-05-05 00:56:51,60.4667,166.1,31.5,87,81,8.97
126,Batagay-Alyta,RU,2022-05-05 00:56:52,67.8006,130.4114,19.0,80,100,0.94
127,Marrakesh,MA,2022-05-05 00:54:57,31.6315,-8.0083,62.67,67,0,9.22
128,Vauvert,FR,2022-05-05 00:56:52,43.7,4.2833,60.39,77,0,6.91
129,Nanortalik,GL,2022-05-05 00:56:53,60.1432,-45.2371,31.71,83,100,4.52
130,Dunedin,NZ,2022-05-05 00:56:53,-45.8742,170.5036,59.81,70,11,5.01
131,Basco,PH,2022-05-05 00:56:54,20.4487,121.9702,82.4,79,100,14.52
132,Santa Marta,CO,2022-05-05 00:56:54,11.2408,-74.199,87.85,69,75,11.99
133,Leningradskiy,RU,2022-05-05 00:56:55,69.3833,178.4167,22.39,87,77,11.43
134,Waipawa,NZ,2022-05-05 00:56:55,-41.4122,175.5153,63.46,60,0,5.37
135,Aksarka,RU,2022-05-05 00:56:56,66.5606,67.7975,20.25,81,3,14.05
136,Sitka,US,2022-05-05 00:56:22,57.0531,-135.33,46.29,71,100,12.66
137,Georgetown,MY,2022-05-05 00:56:56,5.4112,100.3354,82.33,93,20,3.44
138,Castro,BR,2022-05-05 00:57:57,-24.7911,-50.0119,49.19,95,0,5.64
139,Flinders,AU,2022-05-05 00:57:57,-34.5833,150.8552,68.18,79,22,4.0
140,Tucupita,VE,2022-05-05 00:57:58,9.0622,-62.051,73.9,95,50,3.36
141,Varna,BG,2022-05-05 00:57:58,43.2167,27.9167,53.44,85,83,3.44
142,Vestmannaeyjar,IS,2022-05-05 00:57:59,63.4427,-20.2734,39.31,61,100,3.02
143,Alugan,PH,2022-05-05 00:57:59,12.2188,125.4808,82.15,81,89,9.91
144,Mildura,AU,2022-05-05 00:54:01,-34.2,142.15,51.76,71,75,5.75
145,Bykov,RU,2022-05-05 00:58:00,47.3167,142.55,38.19,60,39,6.26
146,Sapa,PH,2022-05-05 00:58:00,5.1544,120.3241,82.89,77,99,4.47
147,Ostrovnoy,RU,2022-05-05 00:58:01,68.0531,39.5131,18.3,87,76,15.48
148,Saint-Augustin,CA,2022-05-05 00:58:01,51.226,-58.6502,36.54,89,100,12.64
149,Norman Wells,CA,2022-05-05 00:58:02,65.282,-126.8329,37.44,87,100,12.66
150,Itarema,BR,2022-05-05 00:58:02,-2.9248,-39.9167,76.91,88,100,9.31
151,Leh,IN,2022-05-05 00:53:15,34.1667,77.5833,43.27,64,99,4.34
152,Buraydah,SA,2022-05-05 00:58:03,26.326,43.975,90.05,16,88,9.71
153,Tanabe,JP,2022-05-05 00:58:03,33.7333,135.3667,67.21,59,75,3.44
154,Zyryanka,RU,2022-05-05 00:53:58,65.75,150.85,34.95,86,100,9.13
155,Iranshahr,IR,2022-05-05 00:58:04,27.2025,60.6848,82.74,23,0,0.0
156,Geraldton,AU,2022-05-05 00:58:05,-28.7667,114.6,63.01,48,0,25.32
157,Deputatskiy,RU,2022-05-05 00:58:05,69.3,139.9,22.55,90,99,3.62
158,Lorengau,PG,2022-05-05 00:58:05,-2.0226,147.2712,84.29,78,96,6.8
159,Kununurra,AU,2022-05-05 00:58:06,-15.7667,128.7333,87.78,37,8,13.8
160,Bathsheba,BB,2022-05-05 00:58:06,13.2167,-59.5167,79.41,83,75,13.8
161,Baykit,RU,2022-05-05 00:56:54,61.67,96.37,36.95,74,84,5.82
162,Te Anau,NZ,2022-05-05 00:58:07,-45.4167,167.7167,60.33,75,65,4.34
163,Naze,JP,2022-05-05 00:58:08,28.3667,129.4833,67.12,87,100,12.03
164,Dingle,PH,2022-05-05 00:58:08,10.9995,122.6711,85.82,67,100,12.19
165,Anupgarh,IN,2022-05-05 00:58:08,29.1911,73.2086,84.34,38,0,5.84
166,Novokayakent,RU,2022-05-05 00:58:09,42.3937,47.9861,53.62,76,13,5.21
167,Carnarvon,AU,2022-05-05 00:58:09,-24.8667,113.6333,73.47,38,40,17.27
168,Breyten,ZA,2022-05-05 00:58:10,-26.3018,29.987,44.47,88,0,1.3
169,Bandarbeyla,SO,2022-05-05 00:58:10,9.4942,50.8122,81.36,89,62,3.62
170,Letpadan,MM,2022-05-05 00:58:11,17.7833,95.75,84.7,63,18,2.64
171,Kaitangata,NZ,2022-05-05 00:58:11,-46.2817,169.8464,62.98,56,11,2.15
172,Klaksvik,FO,2022-05-05 00:55:17,62.2266,-6.589,43.72,72,55,16.31
173,San Cristobal,VE,2022-05-05 00:58:12,7.7669,-72.225,77.18,80,100,1.99
174,San Carlos De Bariloche,AR,2022-05-05 00:54:59,-41.1456,-71.3082,49.75,76,40,11.5
175,Havre-Saint-Pierre,CA,2022-05-05 00:55:33,50.2334,-63.5986,37.76,100,100,8.05
176,Kayes,ML,2022-05-05 00:58:13,14.0,-11.0,91.24,21,7,2.57
177,Makubetsu,JP,2022-05-05 00:58:13,45.3714,141.8211,42.51,75,20,11.5
178,Ocala,US,2022-05-05 00:58:14,29.1872,-82.1401,80.96,74,0,3.44
179,Kahului,US,2022-05-05 00:58:14,20.8947,-156.47,78.96,85,35,10.0
180,Narsaq,GL,2022-05-05 00:58:15,60.9167,-46.05,30.87,57,100,5.73
181,Chicama,PE,2022-05-05 00:58:15,-7.8447,-79.1469,61.34,80,43,6.33
182,Khatanga,RU,2022-05-05 00:59:16,71.9667,102.5,16.54,92,58,7.45
183,Capaccio,IT,2022-05-05 00:59:17,40.4244,15.0809,53.74,82,14,3.98
184,Yenagoa,NG,2022-05-05 00:59:17,4.9247,6.2642,75.29,92,100,1.92
185,Chuy,UY,2022-05-05 00:59:18,-33.6971,-53.4616,56.25,82,0,4.03
186,Shambu,ET,2022-05-05 00:59:18,9.5667,37.1,54.05,60,16,4.34
187,Dikson,RU,2022-05-05 00:59:19,73.5069,80.5464,23.65,94,100,19.37
188,Cabedelo,BR,2022-05-05 00:59:19,-6.9811,-34.8339,79.47,86,39,11.68
189,Formosa,AR,2022-05-05 00:59:19,-26.1775,-58.1781,64.38,82,100,11.5
190,Ancud,CL,2022-05-05 00:59:20,-41.8697,-73.8203,53.85,98,100,6.11
191,Namatanai,PG,2022-05-05 00:59:20,-3.6667,152.4333,84.52,71,86,9.37
192,Upernavik,GL,2022-05-05 00:59:21,72.7868,-56.1549,3.9,95,7,6.46
193,Oussouye,SN,2022-05-05 00:59:21,12.485,-16.5469,71.78,70,5,8.88
194,Port Macquarie,AU,2022-05-05 00:59:22,-31.4333,152.9167,68.31,74,97,8.86
195,Udachnyy,RU,2022-05-05 00:59:22,66.4167,112.4,28.45,53,100,14.43
196,Quatre Cocos,MU,2022-05-05 00:59:23,-20.2078,57.7625,77.11,82,42,19.28
197,Lima,PE,2022-05-05 00:58:40,-12.0432,-77.0282,68.9,74,75,10.36
198,Kristiansund,NO,2022-05-05 00:59:23,63.1115,7.732,47.05,71,100,2.3
199,Ushtobe,KZ,2022-05-05 00:59:24,45.2514,77.9838,65.79,75,100,14.03
200,Cascavel,BR,2022-05-05 00:59:24,-24.9558,-53.4553,53.56,98,100,5.57
201,Araouane,ML,2022-05-05 00:59:25,18.9048,-3.5265,84.63,24,12,5.64
202,Maple Creek,CA,2022-05-05 00:59:25,49.9168,-109.4848,73.45,23,74,13.8
203,Atar,MR,2022-05-05 00:59:26,20.5169,-13.0499,80.94,20,5,9.78
204,Los Llanos De Aridane,ES,2022-05-05 00:59:26,28.6585,-17.9182,62.35,77,75,12.66
205,Bristol,US,2022-05-05 00:55:00,41.8334,-71.1662,55.98,84,100,4.0
206,Bougouni,ML,2022-05-05 00:59:27,11.417,-7.479,85.21,52,94,7.81
207,North Bend,US,2022-05-05 00:59:27,43.4065,-124.2243,65.25,89,100,5.53
208,Sechura,PE,2022-05-05 00:59:28,-5.5569,-80.8222,69.8,73,55,16.98
209,General Salgado,BR,2022-05-05 00:59:28,-20.6483,-50.3606,56.34,64,0,7.0
210,Casper,US,2022-05-05 00:59:29,42.8666,-106.3131,45.72,85,100,3.0
211,Puerto Del Rosario,ES,2022-05-05 00:59:29,28.5004,-13.8627,65.95,59,100,13.8
212,Coihaique,CL,2022-05-05 00:59:30,-45.5752,-72.0662,46.35,71,40,4.61
213,Krasnoselkup,RU,2022-05-05 00:59:30,65.7,82.4667,37.02,89,100,23.76
214,Bilibino,RU,2022-05-05 00:59:30,68.0546,166.4372,31.87,97,100,3.09
215,Alyangula,AU,2022-05-05 00:59:31,-13.8483,136.4192,85.87,74,40,4.61
216,Christchurch,NZ,2022-05-05 00:57:17,-43.5333,172.6333,70.41,75,20,5.75
217,Korla,CN,2022-05-05 00:59:32,41.7597,86.1469,76.66,25,100,10.67
218,Kodiak,US,2022-05-05 00:59:32,57.79,-152.4072,44.11,81,100,5.75
219,Antsohihy,MG,2022-05-05 00:59:33,-14.8796,47.9875,74.84,65,12,9.73
220,Pangody,RU,2022-05-05 00:59:33,65.85,74.4859,33.33,98,100,11.86
221,Ulagan,RU,2022-05-05 00:59:33,50.6321,87.9563,44.42,58,100,1.28
222,Sioux Lookout,CA,2022-05-05 00:59:34,50.1001,-91.917,55.47,33,20,3.44
223,Longyearbyen,SJ,2022-05-05 00:59:35,78.2186,15.6401,19.24,68,20,5.75
224,Hokitika,NZ,2022-05-05 00:59:35,-42.7167,170.9667,62.04,76,65,1.36
225,Cherskiy,RU,2022-05-05 00:59:36,68.75,161.3,32.94,100,100,4.18
226,Severodvinsk,RU,2022-05-05 00:59:36,64.5635,39.8302,28.51,79,99,12.08
227,Dhadar,IN,2022-05-05 01:00:37,28.3305,75.0632,81.28,34,0,8.03
228,Tshikapa,CD,2022-05-05 01:00:37,-6.4167,20.8,71.56,79,85,2.89
229,Vavozh,RU,2022-05-05 01:00:38,56.7751,51.931,39.78,91,100,4.03
230,Severo-Kurilsk,RU,2022-05-05 01:00:38,50.6789,156.125,35.6,89,80,7.54
231,Pacific Grove,US,2022-05-05 01:00:39,36.6177,-121.9166,74.25,85,53,5.99
232,Jasper,US,2022-05-05 01:00:16,37.2001,-94.3502,56.01,95,100,8.01
233,Winchester,GB,2022-05-05 01:00:39,51.0651,-1.3187,51.42,84,12,1.01
234,Caravelas,BR,2022-05-05 01:00:40,-17.7125,-39.2481,78.39,84,0,10.45
235,Pisco,PE,2022-05-05 01:00:40,-13.7,-76.2167,64.02,90,4,0.81
236,Harper,LR,2022-05-05 01:00:41,4.375,-7.7169,80.8,83,51,4.59
237,Esperance,AU,2022-05-05 01:00:41,-33.8667,121.9,59.49,65,91,11.23
238,Funadhoo,MV,2022-05-05 01:00:42,6.15,73.2667,84.74,73,100,15.57
239,Sorland,NO,2022-05-05 01:00:42,67.667,12.6934,35.1,99,100,25.3
240,Hobyo,SO,2022-05-05 00:56:50,5.3505,48.5268,83.37,70,80,14.63
241,Teguise,ES,2022-05-05 01:00:43,29.0605,-13.564,61.02,72,40,14.97
242,Hirara,JP,2022-05-05 01:00:44,24.8,125.2833,74.35,94,100,17.13
243,Broome,US,2022-05-05 01:00:44,42.2506,-75.833,55.85,91,100,1.99
244,Pozhva,RU,2022-05-05 01:00:45,59.0912,56.0847,36.34,93,100,3.09
245,Vysokogornyy,RU,2022-05-05 01:00:46,50.1167,139.15,45.5,66,100,5.68
246,Kemijarvi,FI,2022-05-05 01:00:46,66.7131,27.4306,22.95,94,20,2.44
247,Khorixas,NA,2022-05-05 01:00:47,-20.3667,14.9667,64.98,28,0,8.88
248,Airai,TL,2022-05-05 01:00:48,-8.9266,125.4092,72.54,59,100,3.4
249,Gondanglegi,ID,2022-05-05 01:00:48,-7.7479,112.0132,80.26,84,100,7.74
250,Clarence Town,AU,2022-05-05 01:00:49,-32.5833,151.7833,66.11,62,24,7.14
251,Minab,IR,2022-05-05 01:00:50,27.1467,57.0801,79.02,57,0,2.73
252,Thompson,CA,2022-05-05 01:00:50,55.7435,-97.8558,32.59,96,100,7.52
253,Yulara,AU,2022-05-05 00:58:14,-25.2406,130.9889,57.04,54,0,19.57
254,Provideniya,RU,2022-05-05 01:00:51,64.3833,-173.3,30.36,74,40,7.0
255,Kamaishi,JP,2022-05-05 01:00:52,39.2667,141.8833,60.55,55,9,6.78
256,Honningsvag,NO,2022-05-05 01:00:54,70.9821,25.9704,22.75,68,95,4.61
257,Portland,US,2022-05-05 00:59:16,45.5234,-122.6762,72.55,51,92,5.01
258,Boffa,GN,2022-05-05 01:00:55,10.1667,-14.0333,79.5,76,52,0.98
259,Reyes,BO,2022-05-05 01:00:56,-14.3167,-67.3833,62.11,80,3,1.45
260,Namibe,AO,2022-05-05 01:00:57,-15.1961,12.1522,78.22,62,1,2.98
261,Mecca,SA,2022-05-05 01:00:53,21.4267,39.8261,82.53,39,0,3.09
262,Saint-Philippe,RE,2022-05-05 01:00:57,-21.3585,55.7679,76.59,87,40,13.8
263,Arraial Do Cabo,BR,2022-05-05 01:00:58,-22.9661,-42.0278,75.99,87,82,6.89
264,Touros,BR,2022-05-05 01:00:58,-5.1989,-35.4608,76.39,92,100,10.96
265,Sur,OM,2022-05-05 01:00:59,22.5667,59.5289,80.73,53,0,3.09
266,Kosikha,RU,2022-05-05 01:01:00,53.3617,84.5822,42.49,43,100,10.0
267,Platanos,GR,2022-05-05 01:01:00,37.6667,21.6167,59.09,86,0,3.85
268,Bambanglipuro,ID,2022-05-05 01:01:01,-7.95,110.2833,80.37,80,92,2.44
269,Tomatlan,MX,2022-05-05 01:01:01,19.9333,-105.25,78.48,61,91,5.97
270,Thinadhoo,MV,2022-05-05 01:01:02,0.5333,72.9333,82.17,81,100,23.13
271,Diplo,PK,2022-05-05 01:01:02,24.4667,69.584,76.51,89,0,8.77
272,Inverell,AU,2022-05-05 01:01:03,-29.7833,151.1167,65.66,97,100,3.0
273,Ruidoso,US,2022-05-05 00:59:12,33.3317,-105.673,70.05,10,0,12.66
274,Terney,RU,2022-05-05 01:01:03,45.0503,136.6092,45.81,72,32,5.26
275,Ofunato,JP,2022-05-05 01:01:04,39.0717,141.7167,61.92,53,0,4.52
276,Galle,LK,2022-05-05 01:02:05,6.0367,80.217,80.8,84,100,12.28
277,San Quintin,MX,2022-05-05 01:02:05,30.4833,-115.95,63.09,72,0,9.71
278,Chengde,CN,2022-05-05 01:02:06,40.9725,117.9361,72.75,26,100,6.64
279,Dordrecht,NL,2022-05-05 01:02:07,51.81,4.6736,52.99,79,100,2.42
280,Pictou,CA,2022-05-05 01:02:07,45.6834,-62.7153,46.44,94,100,9.98
281,Barra,BR,2022-05-05 01:02:08,-11.0894,-43.1417,80.28,61,67,8.46
282,Gulu,UG,2022-05-05 01:02:09,2.7746,32.299,63.7,98,73,4.29
283,Marawi,PH,2022-05-05 01:02:09,7.9986,124.2928,79.07,71,100,1.77
284,Manzanillo,CU,2022-05-05 01:02:10,20.3433,-77.1167,76.69,81,6,5.86
285,Staraya Poltavka,RU,2022-05-05 01:02:11,50.4772,46.4814,50.07,61,95,8.23
286,Ondjiva,AO,2022-05-05 01:02:11,-17.0667,15.7333,58.37,51,0,7.02
287,Auch,FR,2022-05-05 01:02:12,43.65,0.5833,56.25,88,81,3.0
288,Verkhnevilyuysk,RU,2022-05-05 01:02:13,63.4453,120.3167,33.03,92,100,4.41
289,Townsville,AU,2022-05-05 01:00:00,-19.25,146.8,81.48,65,75,5.75
290,Kargasok,RU,2022-05-05 01:02:14,59.0556,80.8572,42.01,59,100,9.4
291,Mount Pleasant,US,2022-05-05 00:58:40,32.7941,-79.8626,77.0,81,0,5.75
292,Henties Bay,NA,2022-05-05 01:02:14,-22.116,14.2845,72.36,43,0,7.14
293,Medicine Hat,CA,2022-05-05 01:02:15,50.0501,-110.6683,70.21,33,22,8.99
294,Visnes,NO,2022-05-05 01:02:16,59.3556,5.2242,48.22,93,100,14.97
295,Bitung,ID,2022-05-05 01:02:17,1.4451,125.1824,88.65,71,44,2.68
296,Kilis,TR,2022-05-05 01:02:17,36.7161,37.115,55.63,94,75,6.35
297,Nevel,RU,2022-05-05 01:02:18,56.0209,29.9284,30.24,66,100,4.41
298,Ulaanbaatar,MN,2022-05-05 00:59:37,47.9077,106.8832,35.73,60,75,17.9
299,Price,US,2022-05-05 01:02:19,39.5994,-110.8107,59.11,42,35,15.12
300,Mount Gambier,AU,2022-05-05 00:58:11,-37.8333,140.7667,46.31,93,100,8.05
301,Padang,ID,2022-05-05 01:00:28,-0.9492,100.3543,78.85,72,73,1.25
302,Paamiut,GL,2022-05-05 01:02:20,61.994,-49.6678,25.54,66,100,7.96
303,Katsuura,JP,2022-05-05 00:59:30,35.1333,140.3,68.31,71,100,12.24
304,Cayenne,GF,2022-05-05 00:59:40,4.9333,-52.3333,79.09,1,100,0.0
305,Hay River,CA,2022-05-05 01:01:11,60.8156,-115.7999,40.96,87,75,11.5
306,Gamba,GA,2022-05-05 01:02:21,-2.65,10.0,73.9,95,100,6.2
307,Tabory,RU,2022-05-05 01:02:22,58.5198,64.5495,45.93,65,68,6.26
308,Talnakh,RU,2022-05-05 01:02:23,69.4865,88.3972,34.21,97,100,23.04
309,Torbay,CA,2022-05-05 01:00:13,47.6666,-52.7314,39.76,89,75,9.22
310,Adilcevaz,TR,2022-05-05 01:02:23,38.8039,42.7342,49.73,75,46,3.98
311,Chavakkad,IN,2022-05-05 01:02:24,10.5333,76.05,77.77,91,100,6.31
312,Escanaba,US,2022-05-05 01:02:25,45.7453,-87.0646,46.71,74,11,2.95
313,Vanimo,PG,2022-05-05 01:02:25,-2.6741,141.3028,86.68,66,96,3.18
314,Ahipara,NZ,2022-05-05 01:02:26,-35.1667,173.1667,69.98,59,0,7.36
315,Benjamin Hill,MX,2022-05-05 01:02:26,30.1667,-111.1,83.68,12,0,10.47
316,Barra Patuca,HN,2022-05-05 01:02:27,15.8,-84.2833,80.53,82,96,11.63
317,Jardim,BR,2022-05-05 01:02:27,-21.4803,-56.1381,57.07,83,0,3.11
318,Asau,RO,2022-05-05 01:02:28,46.4333,26.4,49.28,90,91,4.0
319,Killybegs,IE,2022-05-05 01:02:28,54.6333,-8.45,50.88,87,100,7.94
320,Waren,DE,2022-05-05 01:02:29,53.5167,12.6833,48.15,78,100,3.11
321,Muromtsevo,RU,2022-05-05 01:02:29,56.3724,75.2418,48.09,47,100,4.88
322,Jensen Beach,US,2022-05-05 01:02:30,27.2545,-80.2298,78.03,81,0,1.99
323,Puerto Baquerizo Moreno,EC,2022-05-05 01:00:24,-0.9,-89.6,73.4,90,15,6.55
324,Vao,NC,2022-05-05 01:03:31,-22.6667,167.4833,75.45,77,37,15.28
325,Mackay,AU,2022-05-05 01:03:31,-21.15,149.2,84.69,79,27,8.03
326,Rotterdam,NL,2022-05-05 01:01:02,51.9225,4.4792,53.89,80,75,2.3
327,Port Lincoln,AU,2022-05-05 01:03:32,-34.7333,135.8667,57.2,55,97,20.47
328,Mitsamiouli,KM,2022-05-05 01:03:32,-11.3847,43.2844,80.02,73,96,7.58
329,Strelka,RU,2022-05-05 01:03:33,58.0728,93.0344,41.05,55,17,5.5
330,Coquimbo,CL,2022-05-05 00:59:44,-29.9533,-71.3436,55.13,94,0,5.75
331,Mathbaria,BD,2022-05-05 01:03:33,22.2876,89.9593,82.44,75,0,4.7
332,Aginskoye,RU,2022-05-05 01:03:34,51.1,114.53,42.26,23,100,18.7
333,Faanui,PF,2022-05-05 01:03:34,-16.4833,-151.75,81.46,76,25,11.61
334,Haines Junction,CA,2022-05-05 01:03:35,60.7522,-137.5108,40.62,66,100,7.02
335,Nelson Bay,AU,2022-05-05 01:03:35,-32.7167,152.15,66.25,92,62,1.99
336,Vardo,NO,2022-05-05 01:03:11,70.3705,31.1107,28.0,63,95,9.01
337,Arona,ES,2022-05-05 01:00:54,28.0996,-16.681,59.13,63,20,14.97
338,Tasiilaq,GL,2022-05-05 01:03:36,65.6145,-37.6368,23.16,81,86,5.01
339,Fortuna,US,2022-05-05 01:03:37,40.5982,-124.1573,58.93,84,75,9.22
340,Wawa,NG,2022-05-05 01:02:05,9.9022,4.4192,82.22,66,100,5.39
341,Barberton,ZA,2022-05-05 01:03:37,-25.7884,31.0532,53.67,94,3,3.4
342,Aracoiaba,BR,2022-05-05 01:03:38,-4.3711,-38.8142,73.0,95,21,1.97
343,Banda Aceh,ID,2022-05-05 01:03:38,5.5577,95.3222,81.19,79,100,9.37
344,Caohai,CN,2022-05-05 01:03:39,26.8661,104.2841,56.62,65,100,4.79
345,Ankazobe,MG,2022-05-05 01:03:39,-18.3167,47.1167,55.92,90,6,5.44
346,Pacifica,US,2022-05-05 01:03:08,37.6138,-122.4869,77.76,81,20,24.16
347,Linxia,CN,2022-05-05 01:03:40,35.6003,103.2064,66.58,25,0,0.76
348,Takoradi,GH,2022-05-05 01:03:41,4.8845,-1.7554,80.13,85,100,5.97
349,Mandalgovi,MN,2022-05-05 01:03:41,45.7625,106.2708,37.94,51,0,31.18
350,Saquena,PE,2022-05-05 01:03:42,-4.6667,-73.5167,74.01,98,100,1.88
351,Saint George,US,2022-05-05 01:03:42,37.1041,-113.5841,78.64,20,0,19.57
352,Yakeshi,CN,2022-05-05 01:03:43,49.2833,120.7333,52.27,37,100,8.55
353,Toora-Khem,RU,2022-05-05 01:03:43,52.4675,96.11,36.07,45,65,4.5
354,Sucre,BO,2022-05-05 01:03:44,-19.0333,-65.2627,54.45,58,20,4.83
355,Wanaka,NZ,2022-05-05 01:03:44,-44.7,169.15,59.11,67,38,1.01
356,Oliveira,BR,2022-05-05 01:03:45,-20.6964,-44.8272,60.69,98,32,5.12
357,Hami,CN,2022-05-05 01:03:46,42.8,93.45,78.28,25,100,12.5
358,Avera,US,2022-05-05 01:03:46,33.194,-82.5271,78.55,76,84,6.2
359,High Level,CA,2022-05-05 01:03:47,58.5169,-117.136,56.19,46,88,8.79
360,Havelock,US,2022-05-05 01:03:47,34.8791,-76.9013,73.94,89,0,16.11
361,Aketi,CD,2022-05-05 01:03:48,2.7388,23.7833,72.5,82,100,1.14
362,Muisne,EC,2022-05-05 01:03:48,0.6,-80.0333,75.72,86,91,8.84
363,Dargaville,NZ,2022-05-05 01:03:49,-35.9333,173.8833,69.21,61,15,9.4
364,Rio Grande,BR,2022-05-05 01:03:49,-32.035,-52.0986,53.94,83,38,7.38
365,Wanning,CN,2022-05-05 01:03:50,18.8003,110.3967,77.09,81,62,9.69
366,Roma,US,2022-05-05 01:03:50,43.2128,-75.4557,54.95,91,75,5.75
367,Pangnirtung,CA,2022-05-05 01:03:51,66.1451,-65.7125,9.79,95,100,2.46
368,Winnemucca,US,2022-05-05 01:04:52,40.973,-117.7357,73.45,20,0,3.44
369,Nizhniy Tsasuchey,RU,2022-05-05 01:04:52,50.5167,115.1333,44.13,20,100,20.31
370,Kungurtug,RU,2022-05-05 01:04:52,50.5994,97.5228,34.99,37,3,3.67
371,Roald,NO,2022-05-05 01:04:53,62.5833,6.1333,49.75,93,75,19.57
372,Sao Gabriel Da Cachoeira,BR,2022-05-05 01:04:53,-0.1303,-67.0892,74.82,93,71,4.63
373,Chadan,RU,2022-05-05 01:04:54,51.2833,91.5833,40.42,35,100,6.31
374,Muscat,OM,2022-05-05 01:04:55,23.6139,58.5922,82.08,60,0,7.49
375,Monrovia,LR,2022-05-05 01:04:55,6.3005,-10.7969,80.53,80,27,2.46
376,Salinas,US,2022-05-05 01:03:41,36.6777,-121.6555,83.57,65,0,13.8
377,Otacilio Costa,BR,2022-05-05 01:04:56,-27.4831,-50.1219,55.63,97,76,5.7
378,Samarai,PG,2022-05-05 01:04:58,-10.6167,150.6667,83.35,76,67,8.84
379,Saint-Pierre,RE,2022-05-05 01:04:58,-21.3393,55.4781,76.68,78,6,19.57
380,Mayo,US,2022-05-05 01:04:59,38.8876,-76.5119,68.18,91,20,4.61
381,Aleksandriya,RU,2022-05-05 01:04:59,45.0947,43.2456,48.81,74,97,5.1
382,Port Moresby,PG,2022-05-05 01:05:00,-9.4431,147.1797,81.86,78,100,1.32
383,Tamandare,BR,2022-05-05 01:05:00,-8.7597,-35.1047,77.76,87,64,8.3
384,Garbolovo,RU,2022-05-05 01:05:01,60.3413,30.4955,32.99,73,100,9.06
385,Safaga,EG,2022-05-05 01:05:01,26.7292,33.9365,73.13,48,5,22.21
386,Mutis,CO,2022-05-05 01:05:02,6.2262,-77.4044,79.61,86,100,5.26
387,Makakilo City,US,2022-05-05 01:03:51,21.3469,-158.0858,82.72,54,75,20.71
388,Rundu,NA,2022-05-05 01:05:03,-17.9333,19.7667,56.32,54,0,6.2
389,San Matias,BO,2022-05-05 01:05:03,-16.3667,-58.4,61.34,51,10,0.98
390,Kingaroy,AU,2022-05-05 01:05:04,-26.5333,151.8333,71.64,73,100,5.75
391,Mamallapuram,IN,2022-05-05 01:05:04,12.6264,80.1722,84.06,76,69,7.67
392,Acajutla,SV,2022-05-05 01:05:05,13.5928,-89.8275,81.7,79,91,3.11
393,Beringovskiy,RU,2022-05-05 01:05:05,63.05,179.3167,27.82,75,63,10.87
394,Tuatapere,NZ,2022-05-05 01:05:06,-46.1333,167.6833,63.99,68,100,5.3
395,Salinopolis,BR,2022-05-05 01:05:06,-0.6136,-47.3561,77.94,88,97,7.2
396,Russell,US,2022-05-05 01:05:07,32.3502,-85.1999,80.2,86,0,0.0
397,Bubaque,GW,2022-05-05 01:05:07,11.2833,-15.8333,78.31,70,0,16.02
398,Cockburn Town,TC,2022-05-05 01:05:08,21.4612,-71.1419,77.88,83,0,19.91
399,Qaqortoq,GL,2022-05-05 01:05:08,60.7167,-46.0333,32.05,75,100,3.31
400,Lavrentiya,RU,2022-05-05 01:05:09,65.5833,-171.0,29.12,76,39,5.95
401,Petropavlovsk-Kamchatskiy,RU,2022-05-05 01:05:09,53.0452,158.6483,43.39,57,0,6.71
402,Pedernales,DO,2022-05-05 01:05:10,18.0384,-71.744,79.92,75,47,7.23
403,Boguchany,RU,2022-05-05 01:05:10,58.3814,97.4531,40.6,62,15,3.94
404,Karratha,AU,2022-05-05 01:05:11,-20.7377,116.8463,78.21,36,0,26.02
405,Ngaoundere,CM,2022-05-05 01:05:11,7.3167,13.5833,66.18,89,95,2.77
406,Nishihara,JP,2022-05-05 01:05:12,26.1842,127.7558,72.68,94,75,12.66
407,Boa Vista,BR,2022-05-05 01:05:12,2.8197,-60.6733,76.98,88,75,2.3
408,Urbano Santos,BR,2022-05-05 01:05:13,-3.2078,-43.4036,73.87,97,100,2.89
409,Niamey,NE,2022-05-05 01:05:14,13.5137,2.1098,90.21,15,69,6.38
410,Tautira,PF,2022-05-05 01:05:14,-17.7333,-149.15,81.43,78,61,13.62
411,Guayabetal,CO,2022-05-05 01:06:15,4.2147,-73.8172,67.5,96,100,2.66
412,Madera,US,2022-05-05 01:06:15,37.1666,-119.8343,88.23,19,0,1.01
413,Guerrero Negro,MX,2022-05-05 01:06:16,27.9769,-114.0611,62.55,68,0,18.32
414,Hailar,CN,2022-05-05 01:06:16,49.2,119.7,53.82,37,100,11.61
415,Sorong,ID,2022-05-05 01:06:17,-0.8833,131.25,83.08,76,98,4.88
416,Truckee,US,2022-05-05 01:06:17,39.328,-120.1833,74.35,31,0,11.5
417,Nehe,CN,2022-05-05 01:06:18,48.4833,124.8333,52.5,68,100,19.46
418,Saint-Francois,FR,2022-05-05 01:06:18,46.4154,3.9054,51.24,93,100,2.3
419,Sal Rei,CV,2022-05-05 01:06:19,16.1833,-22.9167,69.64,84,8,14.14
420,Shellbrook,CA,2022-05-05 01:06:19,53.2168,-106.4011,57.92,63,100,13.42
421,Nioki,CD,2022-05-05 01:06:20,-2.7167,17.6833,71.47,95,100,1.48
422,Yermekeyevo,RU,2022-05-05 01:06:20,54.0761,53.6712,48.45,67,57,10.31
423,Palmer,US,2022-05-05 01:06:21,42.1584,-72.3287,54.63,88,100,4.61
424,Aswan,EG,2022-05-05 01:06:21,24.0934,32.907,77.97,22,0,17.05
425,Todos Santos,MX,2022-05-05 01:04:25,23.45,-110.2167,65.44,79,0,8.46
426,Zaysan,KZ,2022-05-05 01:06:22,47.4667,84.8667,59.97,53,100,2.48
427,Tinawagan,PH,2022-05-05 01:06:23,13.65,123.4833,85.39,64,44,6.67
428,Barsovo,RU,2022-05-05 01:06:23,61.1667,73.1667,48.33,59,100,17.56
429,Abu Samrah,SY,2022-05-05 01:06:24,35.3029,37.1841,57.18,75,0,21.72
430,Pingzhuang,CN,2022-05-05 01:05:23,42.0372,119.2889,78.42,17,100,21.88
431,San Patricio,US,2022-05-05 01:06:24,28.017,-97.5169,81.9,81,100,17.92
432,Wilmington Island,US,2022-05-05 01:06:25,32.0036,-80.9737,76.98,59,0,6.58
433,Severomorsk,RU,2022-05-05 01:06:25,69.0689,33.4162,19.8,79,100,9.91
434,Sao Filipe,CV,2022-05-05 01:06:26,14.8961,-24.4956,71.96,81,17,4.36
435,Taoudenni,ML,2022-05-05 01:06:26,22.6783,-3.9836,86.97,13,70,8.95
436,Jiangyou,CN,2022-05-05 01:06:27,31.7667,104.7167,72.43,51,0,1.54
437,Huarmey,PE,2022-05-05 01:06:27,-10.0681,-78.1522,66.63,85,84,7.96
438,Teahupoo,PF,2022-05-05 01:06:28,-17.8333,-149.2667,82.36,78,48,12.62
439,Sao Felix Do Xingu,BR,2022-05-05 01:06:29,-6.6447,-51.995,72.91,88,100,1.39
440,Si Sa Ket,TH,2022-05-05 01:06:29,14.8333,104.3333,81.0,67,30,5.21
441,Umm Lajj,SA,2022-05-05 01:06:30,25.0213,37.2685,77.95,64,0,8.34
442,Viedma,AR,2022-05-05 01:06:30,-40.8135,-62.9967,63.37,40,100,9.46
443,Okhotsk,RU,2022-05-05 01:06:31,59.3833,143.3,32.52,89,100,12.59
444,Foumban,CM,2022-05-05 01:06:31,5.7291,10.9001,63.9,92,100,2.73
445,Faya,SA,2022-05-05 01:06:32,18.3851,42.4509,61.32,60,3,1.97
446,Rincon,US,2022-05-05 01:06:32,32.296,-81.2354,76.86,62,32,2.53
447,Itacare,BR,2022-05-05 01:06:33,-14.2775,-38.9967,76.95,86,0,6.38
448,Menomonie,US,2022-05-05 01:06:33,44.8755,-91.9193,60.84,31,98,0.0
449,Kunda,IN,2022-05-05 01:06:34,25.7167,81.5167,85.86,53,87,11.41
450,San Ignacio,BZ,2022-05-05 01:06:34,17.1561,-89.0714,86.14,70,40,9.22
451,Norrtalje,SE,2022-05-05 01:06:35,59.758,18.705,46.02,69,100,9.78
452,Santander,ES,2022-05-05 01:06:35,43.4647,-3.8044,55.45,91,100,2.3
453,Asfi,MA,2022-05-05 01:06:36,32.2994,-9.2372,61.39,91,0,12.97
454,Lata,PT,2022-05-05 01:06:36,40.1629,-8.3327,56.07,76,6,2.71
455,Dalvik,IS,2022-05-05 01:06:37,65.9702,-18.5286,29.32,86,100,4.14
456,Olinda,BR,2022-05-05 01:07:38,-8.0089,-34.8553,82.13,78,40,16.11
457,Muros,ES,2022-05-05 01:07:38,42.7762,-9.0603,56.08,75,36,12.35
458,Guwahati,IN,2022-05-05 01:06:59,26.1862,91.751,75.11,88,40,2.3
459,Pavlodar,KZ,2022-05-05 01:07:39,52.3,76.95,46.2,42,0,11.18
460,Beruwala,LK,2022-05-05 01:07:39,6.4788,79.9828,80.73,84,100,8.1
461,Eunice,US,2022-05-05 01:07:40,30.4944,-92.4176,79.0,72,0,8.25
462,Simpang,ID,2022-05-05 01:06:55,-1.2667,104.0833,77.18,90,100,4.41
463,Noyabrsk,RU,2022-05-05 01:07:40,63.1994,75.4507,38.34,79,96,19.28
464,Beirut,LB,2022-05-05 01:07:08,33.8889,35.4944,63.34,68,40,14.97
465,Barstow,US,2022-05-05 01:04:54,34.8986,-117.0228,84.16,10,0,3.36
466,Sorbhog,IN,2022-05-05 01:07:41,26.5,90.8667,75.04,68,66,10.16
467,Vidim,RU,2022-05-05 01:07:42,56.4088,103.1106,36.03,50,6,6.67
468,Port Hardy,CA,2022-05-05 01:05:36,50.6996,-127.4199,42.48,94,100,2.59
469,Kilinochchi,LK,2022-05-05 01:07:42,9.3961,80.3982,78.73,92,74,5.64
470,Puqi,CN,2022-05-05 01:07:43,29.7167,113.8833,75.38,54,0,6.06
471,Abu Dhabi,AE,2022-05-05 01:03:15,24.4667,54.3667,78.96,77,0,1.99
472,Virginia Beach,US,2022-05-05 01:06:07,36.8529,-75.978,71.64,93,100,11.5
473,Beloha,MG,2022-05-05 01:07:44,-25.1667,45.05,66.42,88,100,8.32
474,Ada,US,2022-05-05 01:07:44,43.4166,-116.1262,70.66,28,0,0.0
475,Springbok,ZA,2022-05-05 01:07:45,-29.6643,17.8865,63.77,30,0,5.19
476,San Miguel,SV,2022-05-05 01:03:52,13.4833,-88.1833,81.18,80,99,2.44
477,Boulder City,US,2022-05-05 01:07:45,35.9786,-114.8325,81.77,12,0,9.22
478,Maku,IR,2022-05-05 01:07:46,39.2911,44.4521,52.93,83,0,4.03
479,Mocuba,MZ,2022-05-05 01:07:46,-16.8392,36.9856,63.95,98,53,4.09
480,Changping,CN,2022-05-05 01:07:47,40.2186,116.2197,73.04,24,25,4.12
481,Verkhnyaya Inta,RU,2022-05-05 01:07:47,65.9811,60.3094,21.63,70,99,15.66
482,Metro,ID,2022-05-05 01:07:48,-5.1131,105.3067,79.57,83,57,5.3
483,Saint-Louis,SN,2022-05-05 01:07:48,16.3333,-15.0,76.91,36,8,10.94
484,Irbil,IQ,2022-05-05 01:07:49,36.1926,44.0106,64.22,63,0,5.75
485,Santa Isabel Do Rio Negro,BR,2022-05-05 01:07:50,-0.4139,-65.0192,73.54,96,100,4.29
486,Acopiara,BR,2022-05-05 01:07:50,-6.0953,-39.4525,72.79,71,16,3.18
487,Luganville,VU,2022-05-05 01:07:51,-15.5333,167.1667,84.34,71,16,6.06
488,Fairbanks,US,2022-05-05 01:07:51,64.8378,-147.7164,56.08,32,0,11.5
489,Bethel,US,2022-05-05 01:07:52,41.3712,-73.414,57.76,88,71,5.1
490,Luuk Datan,PH,2022-05-05 01:07:52,4.8119,119.8453,83.39,73,100,4.41
491,Smithers,CA,2022-05-05 01:05:38,54.7804,-127.1743,48.06,49,100,3.24
492,Rivera,UY,2022-05-05 01:07:53,-30.9053,-55.5508,59.07,84,100,4.92
493,Werda,BW,2022-05-05 01:07:54,-25.2667,23.2833,62.47,47,4,3.76
494,Poum,NC,2022-05-05 01:07:54,-20.2333,164.0167,78.85,78,13,7.56
495,Nsanje,MW,2022-05-05 01:07:55,-16.92,35.262,64.0,98,4,2.66
496,Asosa,ET,2022-05-05 01:07:55,10.0667,34.5333,63.09,76,100,4.34
497,Methoni,GR,2022-05-05 01:07:56,36.8197,21.7049,60.22,80,0,9.26
498,Hollins,US,2022-05-05 01:07:56,37.3413,-79.9431,73.78,46,0,13.8
499,Panzhihua,CN,2022-05-05 01:07:57,26.5851,101.7128,68.7,65,69,1.03
500,Fort Nelson,CA,2022-05-05 01:07:57,58.8053,-122.7002,50.43,61,53,6.06
501,San Policarpo,PH,2022-05-05 01:08:58,12.1791,125.5072,81.97,83,77,10.16
502,Kabul,AF,2022-05-05 01:05:42,34.5,69.4167,54.48,69,0,4.05
503,Ossora,RU,2022-05-05 01:08:58,59.2353,163.0719,32.94,95,27,3.62
504,Vlasim,CZ,2022-05-05 01:08:59,49.7063,14.8988,52.59,95,61,4.41
505,Bardiyah,LY,2022-05-05 01:08:59,31.7561,25.0865,60.55,78,0,13.96
506,Bira,RU,2022-05-05 01:09:00,49.0,132.4667,51.91,62,100,8.43
507,Nioro,GM,2022-05-05 01:09:00,13.35,-15.75,81.16,38,5,7.2
508,Qaanaaq,GL,2022-05-05 01:09:01,77.484,-69.3632,18.34,86,100,2.84
509,Tapah,MY,2022-05-05 01:09:01,4.2004,101.2598,81.23,81,100,1.01
510,Kragujevac,RS,2022-05-05 01:09:02,44.0167,20.9167,43.09,76,13,3.6
511,Vestmanna,FO,2022-05-05 01:09:02,62.1564,-7.1664,41.92,70,100,11.5
512,Maldonado,UY,2022-05-05 01:07:13,-34.6667,-54.9167,55.22,89,2,4.07
513,Vozhega,RU,2022-05-05 01:09:03,60.4725,40.2213,23.81,86,37,4.38
514,Tongren,CN,2022-05-05 01:09:04,27.7172,109.1853,73.33,59,51,2.04
515,Tondi,IN,2022-05-05 01:09:04,9.7333,79.0167,84.85,72,100,2.91
516,Mana,GF,2022-05-05 01:09:05,5.6592,-53.7767,75.58,92,100,3.38
517,Nyurba,RU,2022-05-05 01:09:05,63.2842,118.3319,33.06,87,100,6.38
518,Koungou,YT,2022-05-05 01:09:06,-12.7336,45.2042,80.31,83,40,10.36
519,Kitami,JP,2022-05-05 01:09:07,43.8031,143.8908,49.46,49,7,4.18
520,Banjar,ID,2022-05-05 01:09:07,-8.19,114.9675,83.19,76,100,2.21
521,Agadez,NE,2022-05-05 01:09:08,19.75,10.25,86.49,13,61,6.87
522,Dillon,US,2022-05-05 01:09:08,34.4166,-79.3712,80.94,79,50,5.32
523,Dudinka,RU,2022-05-05 01:09:09,69.4058,86.1778,34.63,99,100,20.87
524,Derzhavinsk,KZ,2022-05-05 01:09:09,51.1,66.3167,52.05,60,96,6.96
525,Mmabatho,ZA,2022-05-05 01:09:10,-25.85,25.6333,56.21,42,0,7.11
526,Luanda,AO,2022-05-05 01:05:31,-8.8368,13.2343,76.66,81,78,8.12
527,Mpophomeni,ZA,2022-05-05 01:09:11,-29.5682,30.1862,50.9,83,0,4.97
528,Khasan,RU,2022-05-05 01:09:11,42.4308,130.6434,46.0,88,100,7.63
529,Chapais,CA,2022-05-05 01:09:12,49.7834,-74.8492,31.91,76,19,7.92
530,Grindavik,IS,2022-05-05 01:09:12,63.8424,-22.4338,36.07,64,0,1.14
531,Bam,IR,2022-05-05 01:09:13,29.106,58.357,74.43,28,4,4.03
532,Shetpe,KZ,2022-05-05 01:09:13,44.1667,52.1167,56.8,35,7,9.26
533,Tiarei,PF,2022-05-05 01:09:14,-17.5333,-149.3333,87.82,79,22,12.68
534,Marga,RO,2022-05-05 01:09:14,45.5,22.5167,46.4,88,59,4.23
535,Salalah,OM,2022-05-05 01:09:15,17.0151,54.0924,84.29,84,20,2.3
536,Annaka,JP,2022-05-05 01:09:15,36.3167,138.9,80.69,37,0,3.96
537,Celestun,MX,2022-05-05 01:09:16,20.8667,-90.4,81.57,77,4,19.15
538,Rocha,UY,2022-05-05 01:09:16,-34.4833,-54.3333,52.56,93,0,4.14
539,Nola,IT,2022-05-05 01:09:17,40.922,14.5329,59.58,88,33,0.78
540,Itoman,JP,2022-05-05 01:09:17,26.1247,127.6694,73.78,94,75,16.11
541,Bereda,ES,2022-05-05 01:09:18,43.2686,-7.5406,49.57,94,96,5.1
542,Kavaratti,IN,2022-05-05 01:09:18,10.5669,72.642,85.44,73,100,14.41
543,Fare,PF,2022-05-05 01:09:19,-16.7,-151.0167,81.91,75,24,11.86
544,Patitirion,GR,2022-05-05 01:09:19,39.15,23.8667,60.37,67,5,4.72
545,Antofagasta,CL,2022-05-05 01:08:46,-23.65,-70.4,60.08,71,76,1.25
546,Jaffna,LK,2022-05-05 01:09:20,9.6685,80.0074,83.88,81,99,9.89
547,Ust-Barguzin,RU,2022-05-05 01:09:21,53.45,108.9833,32.99,82,100,2.89
548,Rawson,AR,2022-05-05 01:09:21,-43.3002,-65.1023,65.08,48,73,12.48
549,Gubkinskiy,RU,2022-05-05 01:10:22,64.434,76.5026,36.55,89,100,17.56
550,Katangli,RU,2022-05-05 01:10:22,51.7102,143.2326,33.37,98,100,10.78
551,Neiafu,TO,2022-05-05 01:10:23,-18.65,-173.9833,83.08,65,75,5.75
552,Wagar,SD,2022-05-05 01:10:23,16.1525,36.2032,91.17,24,2,9.42
553,Mauboh,PH,2022-05-05 01:10:24,5.99,121.0936,82.76,73,86,3.71
554,Ust-Maya,RU,2022-05-05 01:10:24,60.4167,134.5333,39.27,88,100,7.81
555,Opuwo,NA,2022-05-05 01:10:25,-18.0607,13.84,60.87,34,0,7.47
556,Ixtapa,MX,2022-05-05 01:07:50,20.7,-105.2,77.23,78,75,8.05
557,Mudkhed,IN,2022-05-05 01:10:26,19.1667,77.5167,88.93,27,37,4.45
558,Aleksandrovsk-Sakhalinskiy,RU,2022-05-05 01:10:26,50.8975,142.1561,42.48,77,100,15.66
559,Quesnel,CA,2022-05-05 01:10:27,52.9999,-122.5029,55.94,60,100,5.86
560,Jumla,NP,2022-05-05 01:10:27,29.2747,82.1838,56.59,75,64,1.57
561,Tagusao,PH,2022-05-05 01:10:28,9.1924,117.8141,84.56,69,100,4.34
562,Okato,NZ,2022-05-05 01:10:28,-39.2,173.8833,70.18,66,10,8.01
563,Huejucar,MX,2022-05-05 01:10:29,22.35,-103.2167,78.15,17,62,19.44
564,Benguela,AO,2022-05-05 01:10:29,-12.5763,13.4055,76.23,68,5,4.05
565,Kindersley,CA,2022-05-05 01:10:30,51.4668,-109.1682,69.87,33,100,13.82
566,Saldanha,ZA,2022-05-05 01:10:30,-33.0117,17.9442,59.9,74,97,2.48
567,Wakkanai,JP,2022-05-05 01:10:31,45.4094,141.6739,46.38,71,20,14.97
568,Sobolevo,RU,2022-05-05 01:10:31,54.4299,31.8996,31.59,60,8,2.64
569,Reconquista,AR,2022-05-05 01:10:32,-29.15,-59.65,54.52,79,5,5.06
570,Ketchikan,US,2022-05-05 01:10:32,55.3422,-131.6461,48.67,71,75,18.41
571,Tura,IN,2022-05-05 01:10:33,25.5198,90.2201,74.8,72,3,2.8
572,Itaituba,BR,2022-05-05 01:10:33,-4.2761,-55.9836,73.62,97,22,1.12
573,Tazovskiy,RU,2022-05-05 01:10:34,67.4667,78.7,33.42,95,100,12.26
574,Abeche,TD,2022-05-05 01:10:34,13.8292,20.8324,88.7,31,94,1.99
575,Bulgan,MN,2022-05-05 01:10:35,48.8125,103.5347,37.54,38,0,8.39
576,Bac Lieu,VN,2022-05-05 01:10:35,9.285,105.7244,83.39,75,99,15.17
577,Beinamar,TD,2022-05-05 01:10:36,8.6698,15.3813,79.75,64,100,9.62
578,Puerto Escondido,MX,2022-05-05 01:10:36,15.85,-97.0667,83.25,64,100,7.25
579,Yichang,CN,2022-05-05 01:10:37,30.7144,111.2847,74.34,54,0,3.13
580,Sakakah,SA,2022-05-05 01:10:37,29.9697,40.2064,67.33,48,0,11.54
581,Purpe,RU,2022-05-05 01:10:38,64.4803,76.6897,36.57,89,100,18.1
582,Ballina,AU,2022-05-05 01:10:38,-28.8667,153.5667,76.78,86,49,8.68
583,Gouyave,GD,2022-05-05 01:10:39,12.1646,-61.7296,79.18,78,49,16.53
584,Tuy Hoa,VN,2022-05-05 01:10:39,13.0833,109.3,77.59,85,100,6.82
585,Tiszabezded,HU,2022-05-05 01:10:40,48.3667,22.15,52.02,77,81,4.29
586,Great Bend,US,2022-05-05 01:10:40,38.3645,-98.7648,50.04,98,100,11.5
587,Comodoro Rivadavia,AR,2022-05-05 01:10:41,-45.8667,-67.5,55.26,33,0,19.57
588,Bukachacha,RU,2022-05-05 01:10:41,52.9833,116.9167,41.32,30,100,8.88
589,Maryborough,AU,2022-05-05 01:10:42,-25.5333,152.7,80.64,60,42,3.6
590,Brookhaven,US,2022-05-05 01:10:42,31.5791,-90.4407,76.66,66,63,4.25
591,Fraserburgh,GB,2022-05-05 01:06:40,57.6874,-2.0184,49.12,85,99,7.67
592,Yeppoon,AU,2022-05-05 01:10:43,-23.1333,150.7333,80.38,77,35,7.56
593,Coolum Beach,AU,2022-05-05 01:10:17,-26.5333,153.1,80.33,80,25,3.53
594,Kosh-Agach,RU,2022-05-05 01:10:43,50.0,88.6667,45.01,30,100,2.64
595,Aklavik,CA,2022-05-05 01:10:44,68.2191,-135.0107,30.43,80,100,13.56
